Brand,Model
acura,acura-s
acura,ilx
acura,integra
acura,legend 
acura,mdx
acura,rdx
acura,rlx
acura,rsx
acura,tl
acura,tlx
acura,tlxs
acura,tsx
acura,vigor
alfaromeo,alfa
alfaromeo,giulia
audi,a3
audi,a4
audi,a5
audi,a6
audi,a7
audi,a8
audi,audi/audi
audi,audis
audi,b8
audi,q3
audi,q5
audi,q7
audi,quattro
audi,rs3
audi,rs4
audi,rs7
audi,rsq3
audi,rsq5
audi,s3
audi,s4
audi,s5
audi,s6
audi,s8
audi,sq3
audi,sq5
audi,tt
bentley,bentley
bmw,128i
bmw,135i
bmw,3 series
bmw,320
bmw,320i
bmw,320xi
bmw,325i
bmw,328
bmw,328 wagon
bmw,328d
bmw,328i
bmw,328xd
bmw,328xi
bmw,330
bmw,330c
bmw,330ci
bmw,330i
bmw,335
bmw,335d
bmw,335i
bmw,335is
bmw,335xi
bmw,340i
bmw,3er
bmw,3-series
bmw,430
bmw,435i
bmw,440
bmw,440i
bmw,4-series
bmw,528i
bmw,530i
bmw,535d
bmw,535i
bmw,550i
bmw,5er
bmw,5-series
bmw,640i
bmw,6-series
bmw,alpina
bmw,bmw/4
bmw,bmwesque
bmw,bmwna
bmw,bmws
bmw,e36
bmw,e39
bmw,e46
bmw,e83
bmw,e90
bmw,e90s
bmw,e91
bmw,e92
bmw,f10
bmw,f30
bmw,m2
bmw,m235
bmw,m235i
bmw,m2c
bmw,m3
bmw,m325i
bmw,m4
bmw,m5
bmw,m50
bmw,m6
bmw,x1
bmw,x3
bmw,x5
bmw,x6
bmw,xdrive
bmw,zhp
bugatti,bugatti
buick,buicks
buick,century
buick,enclave
buick,encore
buick,la crosse
buick,lacrosse
buick,park avenue
buick,regal
cadillac,ats
cadillac,caddy
cadillac,cadillac's
cadillac,escalade
cadillac,srx
cadillac,xt5
cadillac,xts
chevrolet,agile
chevrolet,agile 
chevrolet,aveo
chevrolet,aveo 
chevrolet,camaro
chevrolet,camaro 
chevrolet,caprice
chevrolet,caprice 
chevrolet,captiva
chevrolet,captiva 
chevrolet,cavalier
chevrolet,celta 
chevrolet,chevy
chevrolet,cobalt
chevrolet,cobalt 
chevrolet,colorado 
chevrolet,corvette
chevrolet,corvette 
chevrolet,cruze
chevrolet,cruze 
chevrolet,equinox
chevrolet,equinox 
chevrolet,express
chevrolet,express 
chevrolet,grand blazer
chevrolet,impala
chevrolet,impala 
chevrolet,lacetti 
chevrolet,lanos 
chevrolet,lova 
chevrolet,lumina
chevrolet,lumina 
chevrolet,malibu
chevrolet,malibu 
chevrolet,malibus
chevrolet,montana 
chevrolet,n200 
chevrolet,niva 
chevrolet,omega 
chevrolet,onix 
chevrolet,optra 
chevrolet,orlando 
chevrolet,prisma 
chevrolet,s-10 
chevrolet,sail 
chevrolet,silverado 
chevrolet,sonic
chevrolet,sonic 
chevrolet,spark
chevrolet,spark 
chevrolet,suburban
chevrolet,suburban 
chevrolet,tahoe 
chevrolet,tavera
chevrolet,tavera 
chevrolet,tornado 
chevrolet,tracker 
chevrolet,trailblazer
chevrolet,trailblazer 
chevrolet,traverse
chevrolet,uplander
chevrolet,vette
chevrolet,volt
chevrolet,volt 
chrysler,300m
chrysler,chrysler 200
chrysler,chrysler 300
chrysler,chryslers
chrysler,cruiser
chrysler,lx
chrysler,pacifica
chrysler,sebring
chrysler,town and country
dodge,avenger
dodge,caliber
dodge,challenger
dodge,charger
dodge,dart
dodge,durango
dodge,intrepid
dodge,journey
dodge,magnum
dodge,ram
dodge,stealth
dodge,viper
ford,cmax
ford,c-max
ford,crown victoria
ford,ecoline
ford,escape
ford,everest
ford,expedition
ford,explorer
ford,f150
ford,f-150
ford,fiesta
ford,focus
ford,fords
ford,freestar
ford,fusion
ford,fusionmilan
ford,fusions
ford,galaxy
ford,gt350
ford,kuga
ford,mustang
ford,s-max
ford,supervan
ford,taurus
ford,tourneo
gm,gmc
gm,gm's
honda,5dr
honda,accord
honda,accords
honda,acty 
honda,amaze 
honda,aria 
honda,brio 
honda,city 
honda,civic
honda,crider 
honda,crosstour
honda,crosstour 
honda,crv
honda,cr-v
honda,cr-v 
honda,cr-z
honda,exl
honda,ex-l
honda,fcx
honda,freed
honda,hobio 
honda,hondas
honda,insight
honda,inspire 
honda,jade 
honda,jazz
honda,legend 
honda,mobilio 
honda,nbox
honda,n-box 
honda,n-one 
honda,nsx 
honda,n-wgn 
honda,odessey
honda,odyssey
honda,pilot
honda,pilot 
honda,prelude 
honda,ridgeline 
honda,shuttle 
honda,spike 
honda,spirior 
honda,stepwgn 
honda,stream 
honda,vamos 
honda,vezel 
honda,zest 
hyundai,accent
hyundai,atos
hyundai,atoz
hyundai,avante
hyundai,azera
hyundai,centennial
hyundai,click
hyundai,dynasty
hyundai,elantra
hyundai,equus
hyundai,excel
hyundai,excel
hyundai,g70
hyundai,g80
hyundai,genesis
hyundai,getz
hyundai,grandeur
hyundai,hyundais
hyundai,i10
hyundai,i20
hyundai,i30
hyundai,i40
hyundai,i45
hyundai,ix20
hyundai,lantra
hyundai,lavity
hyundai,matrix
hyundai,pony
hyundai,santa
hyundai,santamo
hyundai,santro
hyundai,scoupe
hyundai,sonata
hyundai,sonatas
hyundai,stellar
hyundai,tiburon
hyundai,tuscani
hyundai,veloster
hyundai,veracruz
hyundai,verna
hyundai,xcent
hyundai,xg
hyundai kia,hyundaikia
infiniti,6mt
infiniti,fx35
infiniti,g25
infiniti,g35
infiniti,g37
infiniti,g37s
infiniti,g37x
infiniti,infinity
infiniti,jx
infiniti,m37
infiniti,q40
infiniti,q50
infiniti,q50s
infiniti,q60
infiniti,q70
infiniti,qx50
infiniti,qx56
infiniti,qx60
infiniti,qx70
jaguar,jag
jaguar,rover
jaguar,xf
kia,cadenza
kia,forte
kia,k900
kia,kias
kia,koup
kia,optima
kia,optima
kia,optima
kia,sedona
kia,sorento
kia,stinger
lamborghini,lamborghini
lexus,ct200h
lexus,es350
lexus,f-sport
lexus,gs350
lexus,lexi
lexus,nx
lexus,rx350
lincoln,mkc
lincoln,mks
lincoln,mkt
lincoln,mkx
lincoln,mkz
lincoln,navigator
lincoln,town car
lincoln,zephyr
mazda,6i
mazda,atenza
mazda,axela
mazda,az-offroad 
mazda,az-wagon 
mazda,biante 
mazda,bongo 
mazda,bt-50
mazda,carol 
mazda,cx5
mazda,cx-5
mazda,cx-7 
mazda,cx9
mazda,cx-9
mazda,demio
mazda,familia
mazda,mazda2
mazda,mazda3
mazda,mazda5
mazda,mazda6
mazda,mazda6i
mazda,mazda6s
mazda,mazda8
mazda,mazdas
mazda,ms3
mazda,mx-5
mazda,premacy
mazda,rx8
mazda,rx-8
mazda,rx-8 
mazda,scrum 
mercedes,amg
mercedes,benz
mercedes,c250
mercedes,c250s
mercedes,c250's
mercedes,c300
mercedes,c350
mercedes,c400
mercedes,c63
mercedes,c-class
mercedes,cla
mercedes,cl-class
mercedes,e-class
mercedes,mb
mercedes,mercedesbenz
mercedes,mercedes-benz
mercedes,s-class
mercury,mercury
mercury,milan
mitsubishi,galant
mitsubishi,lancer
nissan,370z
nissan,altima
nissan,altimas
nissan,armada
nissan,cube
nissan,frontier
nissan,juke
nissan,leaf
nissan,maxima
nissan,murano
nissan,nissans
nissan,pathfinder
nissan,quest
nissan,quest
nissan,rogue
nissan,sentra
nissan,titan
nissan,ultima
nissan,versa
nissan,xterra
pontiac,aztek
pontiac,g3
pontiac,g4
pontiac,g5
pontiac,g6
pontiac,g6 
pontiac,g8
pontiac,grand am
pontiac,grand prix
pontiac,gto
pontiac,gxp
pontiac,streamliner
pontiac,sunfire
pontiac,torpedo
pontiac,vibe
pontiac,vibe 
pontiac,wave 
porsche,porsche
saab,saab
saab,saabs
saturn,aura
skoda,skoda
subaru,b9
subaru,brz
subaru,crosstrek
subaru,dex
subaru,exiga
subaru,forester
subaru,grand wagon
subaru,gravel
subaru,impreza
subaru,impreza xv
subaru,lancaster
subaru,legacy
subaru,liberty
subaru,outback
subaru,outback sport
subaru,pleo
subaru,r1
subaru,r2
subaru,sambar
subaru,stella
subaru,tribeca
subaru,wrx
suzuki,aerio
suzuki,apv
suzuki,cappuccino
suzuki,cervo
suzuki,cultus
suzuki,equator
suzuki,ertiga
suzuki,escudo
suzuki,esteem
suzuki,every landy
suzuki,forsa
suzuki,fronte
suzuki,geo metro
suzuki,ignis
suzuki,jimny
suzuki,kizashi
suzuki,landy
suzuki,lapin
suzuki,liana
suzuki,mighty boy
suzuki,mr wagon
suzuki,palette
suzuki,solio
suzuki,splash
suzuki,swift
suzuki,sx4
suzuki,wagon r
suzuki,x-90
suzuki,xl7 
tesla,tesla
toyota,4runner 
toyota,allion 
toyota,alphard 
toyota,aurion 
toyota,auris 
toyota,avalon
toyota,avalon 
toyota,avanza 
toyota,avensis 
toyota,axio
toyota,aygo 
toyota,bb 
toyota,belta 
toyota,cami 
toyota,camry
toyota,camry 
toyota,camrybest
toyota,camrys
toyota,carri 
toyota,century 
toyota,coaster 
toyota,comfort 
toyota,condor 
toyota,corolla
toyota,corolla/sprinter 
toyota,dyna 
toyota,echo
toyota,estima 
toyota,etios 
toyota,fiedler
toyota,fj cruiser
toyota,fortuner 
toyota,granvia 
toyota,hiace 
toyota,hiclass
toyota,highlander
toyota,highlander 
toyota,hilux surf
toyota,hilux 
toyota,innova 
toyota,iq 
toyota,isis 
toyota,ist 
toyota,kijang 
toyota,kingdom
toyota,kluger 
toyota,land cruiser
toyota,liteace 
toyota,majesta
toyota,mark x
toyota,matrix 
toyota,miniace
toyota,nadia
toyota,noah 
toyota,passo 
toyota,picnic 
toyota,platz
toyota,porte 
toyota,premio 
toyota,prius
toyota,prius 
toyota,probox 
toyota,qualis 
toyota,ractis 
toyota,raum 
toyota,rav4 
toyota,reiz 
toyota,rumion
toyota,sai 
toyota,scepter 
toyota,sequoia 
toyota,sienna 
toyota,sienta 
toyota,sofia 
toyota,solara
toyota,sparky 
toyota,stallion 
toyota,succeed 
toyota,tacoma 
toyota,tamaraw
toyota,tarago 
toyota,tiara 
toyota,townace 
toyota,toyoace 
toyota,toyotas
toyota,tundra 
toyota,urban cruiser
toyota,vanguard 
toyota,venture 
toyota,venza
toyota,venza 
toyota,verso 
toyota,vienta 
toyota,vios 
toyota,vitz
toyota,voxy 
toyota,yaris 
toyota,zelas 
toyota,zio
volkswagen,beetle
volkswagen,eos
volkswagen,golf
volkswagen,gti
volkswagen,jetta
volkswagen,passat
volkswagen,passat
volkswagen,passats
volkswagen,rabbit
volkswagen,sportwagen
volkswagen,tiguan
volkswagen,touraeg
volkswagen,volkwagen
volkswagen,vw
volkswagen,vws
volvo,c70
volvo,s60
volvo,s60r
volvo,s80
volvo,v60
volvo,xc60
volvo,xc70
volvo,xc90
ford,gt
